buildings,stage,sample,microseconds
1,ValidateWorld,0,3.125
1,EvaluatePlacement_valid,0,9.167
1,PlaceBuilding_valid,0,22.459
1,EvaluatePlacement_overlap,0,3.417
1,PlaceBuilding_overlap,0,6.334
1,ValidateWorld,1,3.208
1,EvaluatePlacement_valid,1,9.500
1,PlaceBuilding_valid,1,24.834
1,EvaluatePlacement_overlap,1,3.500
1,PlaceBuilding_overlap,1,6.708
1,ValidateWorld,2,3.084
1,EvaluatePlacement_valid,2,9.334
1,PlaceBuilding_valid,2,23.125
1,EvaluatePlacement_overlap,2,3.458
1,PlaceBuilding_overlap,2,6.500
1,ValidateWorld,3,3.083
1,EvaluatePlacement_valid,3,9.375
1,PlaceBuilding_valid,3,22.625
1,EvaluatePlacement_overlap,3,3.458
1,PlaceBuilding_overlap,3,6.500
1,ValidateWorld,4,3.000
1,EvaluatePlacement_valid,4,9.208
1,PlaceBuilding_valid,4,22.833
1,EvaluatePlacement_overlap,4,3.583
1,PlaceBuilding_overlap,4,6.542
1,ValidateWorld,5,3.000
1,EvaluatePlacement_valid,5,9.208
1,PlaceBuilding_valid,5,22.625
1,EvaluatePlacement_overlap,5,3.417
1,PlaceBuilding_overlap,5,6.458
1,ValidateWorld,6,3.083
1,EvaluatePlacement_valid,6,9.083
1,PlaceBuilding_valid,6,24.333
1,EvaluatePlacement_overlap,6,3.583
1,PlaceBuilding_overlap,6,6.458
1,ValidateWorld,7,3.000
1,EvaluatePlacement_valid,7,9.334
1,PlaceBuilding_valid,7,22.750
1,EvaluatePlacement_overlap,7,3.417
1,PlaceBuilding_overlap,7,6.417
1,ValidateWorld,8,3.000
1,EvaluatePlacement_valid,8,9.292
1,PlaceBuilding_valid,8,22.333
1,EvaluatePlacement_overlap,8,3.458
1,PlaceBuilding_overlap,8,6.458
1,ValidateWorld,9,3.125
1,EvaluatePlacement_valid,9,9.167
1,PlaceBuilding_valid,9,22.459
1,EvaluatePlacement_overlap,9,3.417
1,PlaceBuilding_overlap,9,6.375
1,ValidateWorld,10,3.083
1,EvaluatePlacement_valid,10,9.125
1,PlaceBuilding_valid,10,22.459
1,EvaluatePlacement_overlap,10,3.417
1,PlaceBuilding_overlap,10,6.416
1,ValidateWorld,11,3.041
1,EvaluatePlacement_valid,11,9.167
1,PlaceBuilding_valid,11,22.334
1,EvaluatePlacement_overlap,11,3.500
1,PlaceBuilding_overlap,11,6.542
1,ValidateWorld,12,3.166
1,EvaluatePlacement_valid,12,9.125
1,PlaceBuilding_valid,12,22.333
1,EvaluatePlacement_overlap,12,3.458
1,PlaceBuilding_overlap,12,6.416
1,ValidateWorld,13,3.000
1,EvaluatePlacement_valid,13,9.208
1,PlaceBuilding_valid,13,22.334
1,EvaluatePlacement_overlap,13,3.459
1,PlaceBuilding_overlap,13,6.334
1,ValidateWorld,14,3.000
1,EvaluatePlacement_valid,14,9.250
1,PlaceBuilding_valid,14,22.417
1,EvaluatePlacement_overlap,14,3.500
1,PlaceBuilding_overlap,14,6.417
1,ValidateWorld,15,3.000
1,EvaluatePlacement_valid,15,9.125
1,PlaceBuilding_valid,15,22.375
1,EvaluatePlacement_overlap,15,3.375
1,PlaceBuilding_overlap,15,6.375
1,ValidateWorld,16,3.000
1,EvaluatePlacement_valid,16,9.125
1,PlaceBuilding_valid,16,22.208
1,EvaluatePlacement_overlap,16,3.417
1,PlaceBuilding_overlap,16,6.416
1,ValidateWorld,17,3.000
1,EvaluatePlacement_valid,17,9.167
1,PlaceBuilding_valid,17,22.584
1,EvaluatePlacement_overlap,17,3.417
1,PlaceBuilding_overlap,17,6.375
1,ValidateWorld,18,3.000
1,EvaluatePlacement_valid,18,9.084
1,PlaceBuilding_valid,18,22.459
1,EvaluatePlacement_overlap,18,3.417
1,PlaceBuilding_overlap,18,6.375
1,ValidateWorld,19,3.041
1,EvaluatePlacement_valid,19,9.083
1,PlaceBuilding_valid,19,22.250
1,EvaluatePlacement_overlap,19,3.375
1,PlaceBuilding_overlap,19,6.459
1,ValidateWorld,20,2.958
1,EvaluatePlacement_valid,20,9.125
1,PlaceBuilding_valid,20,22.459
1,EvaluatePlacement_overlap,20,3.417
1,PlaceBuilding_overlap,20,6.375
1,ValidateWorld,21,2.958
1,EvaluatePlacement_valid,21,9.125
1,PlaceBuilding_valid,21,22.709
1,EvaluatePlacement_overlap,21,3.417
1,PlaceBuilding_overlap,21,6.458
1,ValidateWorld,22,3.000
1,EvaluatePlacement_valid,22,9.125
1,PlaceBuilding_valid,22,22.208
1,EvaluatePlacement_overlap,22,3.416
1,PlaceBuilding_overlap,22,6.458
1,ValidateWorld,23,3.000
1,EvaluatePlacement_valid,23,9.167
1,PlaceBuilding_valid,23,22.334
1,EvaluatePlacement_overlap,23,3.417
1,PlaceBuilding_overlap,23,6.541
1,ValidateWorld,24,3.083
1,EvaluatePlacement_valid,24,9.125
1,PlaceBuilding_valid,24,22.375
1,EvaluatePlacement_overlap,24,3.417
1,PlaceBuilding_overlap,24,6.375
1,ValidateWorld,25,3.042
1,EvaluatePlacement_valid,25,9.083
1,PlaceBuilding_valid,25,22.291
1,EvaluatePlacement_overlap,25,3.458
1,PlaceBuilding_overlap,25,6.458
1,ValidateWorld,26,3.583
1,EvaluatePlacement_valid,26,9.542
1,PlaceBuilding_valid,26,22.625
1,EvaluatePlacement_overlap,26,3.458
1,PlaceBuilding_overlap,26,6.500
1,ValidateWorld,27,3.000
1,EvaluatePlacement_valid,27,9.167
1,PlaceBuilding_valid,27,22.334
1,EvaluatePlacement_overlap,27,3.459
1,PlaceBuilding_overlap,27,6.459
1,ValidateWorld,28,3.000
1,EvaluatePlacement_valid,28,9.083
1,PlaceBuilding_valid,28,22.375
1,EvaluatePlacement_overlap,28,3.500
1,PlaceBuilding_overlap,28,6.542
1,ValidateWorld,29,3.000
1,EvaluatePlacement_valid,29,9.166
1,PlaceBuilding_valid,29,22.375
1,EvaluatePlacement_overlap,29,3.583
1,PlaceBuilding_overlap,29,6.458
1,ValidateWorld,30,2.917
1,EvaluatePlacement_valid,30,9.125
1,PlaceBuilding_valid,30,22.208
1,EvaluatePlacement_overlap,30,3.416
1,PlaceBuilding_overlap,30,6.500
1,ValidateWorld,31,3.000
1,EvaluatePlacement_valid,31,9.125
1,PlaceBuilding_valid,31,55.833
1,EvaluatePlacement_overlap,31,4.541
1,PlaceBuilding_overlap,31,7.208
1,ValidateWorld,32,3.375
1,EvaluatePlacement_valid,32,10.416
1,PlaceBuilding_valid,32,24.875
1,EvaluatePlacement_overlap,32,3.709
1,PlaceBuilding_overlap,32,7.000
1,ValidateWorld,33,3.708
1,EvaluatePlacement_valid,33,10.125
1,PlaceBuilding_valid,33,23.417
1,EvaluatePlacement_overlap,33,3.583
1,PlaceBuilding_overlap,33,6.541
1,ValidateWorld,34,3.084
1,EvaluatePlacement_valid,34,9.417
1,PlaceBuilding_valid,34,22.250
1,EvaluatePlacement_overlap,34,3.417
1,PlaceBuilding_overlap,34,6.416
1,ValidateWorld,35,3.000
1,EvaluatePlacement_valid,35,9.125
1,PlaceBuilding_valid,35,22.500
1,EvaluatePlacement_overlap,35,3.416
1,PlaceBuilding_overlap,35,6.541
1,ValidateWorld,36,2.959
1,EvaluatePlacement_valid,36,9.125
1,PlaceBuilding_valid,36,22.833
1,EvaluatePlacement_overlap,36,3.542
1,PlaceBuilding_overlap,36,6.625
1,ValidateWorld,37,3.000
1,EvaluatePlacement_valid,37,9.167
1,PlaceBuilding_valid,37,22.166
1,EvaluatePlacement_overlap,37,3.458
1,PlaceBuilding_overlap,37,6.500
1,ValidateWorld,38,3.000
1,EvaluatePlacement_valid,38,9.083
1,PlaceBuilding_valid,38,22.250
1,EvaluatePlacement_overlap,38,3.417
1,PlaceBuilding_overlap,38,6.666
1,ValidateWorld,39,3.042
1,EvaluatePlacement_valid,39,9.333
1,PlaceBuilding_valid,39,22.125
1,EvaluatePlacement_overlap,39,3.458
1,PlaceBuilding_overlap,39,6.458
1,ValidateWorld,40,3.000
1,EvaluatePlacement_valid,40,9.208
1,PlaceBuilding_valid,40,22.458
1,EvaluatePlacement_overlap,40,3.416
1,PlaceBuilding_overlap,40,6.375
1,ValidateWorld,41,3.000
1,EvaluatePlacement_valid,41,9.250
1,PlaceBuilding_valid,41,22.167
1,EvaluatePlacement_overlap,41,3.500
1,PlaceBuilding_overlap,41,6.542
1,ValidateWorld,42,3.042
1,EvaluatePlacement_valid,42,9.375
1,PlaceBuilding_valid,42,22.125
1,EvaluatePlacement_overlap,42,3.375
1,PlaceBuilding_overlap,42,6.416
1,ValidateWorld,43,3.000
1,EvaluatePlacement_valid,43,9.084
1,PlaceBuilding_valid,43,22.459
1,EvaluatePlacement_overlap,43,3.459
1,PlaceBuilding_overlap,43,6.334
1,ValidateWorld,44,3.000
1,EvaluatePlacement_valid,44,9.083
1,PlaceBuilding_valid,44,22.125
1,EvaluatePlacement_overlap,44,3.417
1,PlaceBuilding_overlap,44,6.458
1,ValidateWorld,45,2.958
1,EvaluatePlacement_valid,45,9.167
1,PlaceBuilding_valid,45,22.417
1,EvaluatePlacement_overlap,45,3.458
1,PlaceBuilding_overlap,45,6.625
1,ValidateWorld,46,3.000
1,EvaluatePlacement_valid,46,9.292
1,PlaceBuilding_valid,46,22.625
1,EvaluatePlacement_overlap,46,3.542
1,PlaceBuilding_overlap,46,6.625
1,ValidateWorld,47,3.083
1,EvaluatePlacement_valid,47,9.375
1,PlaceBuilding_valid,47,23.084
1,EvaluatePlacement_overlap,47,3.459
1,PlaceBuilding_overlap,47,6.792
1,ValidateWorld,48,3.167
1,EvaluatePlacement_valid,48,9.250
1,PlaceBuilding_valid,48,23.250
1,EvaluatePlacement_overlap,48,3.458
1,PlaceBuilding_overlap,48,6.667
1,ValidateWorld,49,3.125
1,EvaluatePlacement_valid,49,9.583
1,PlaceBuilding_valid,49,23.125
1,EvaluatePlacement_overlap,49,3.583
1,PlaceBuilding_overlap,49,6.834
1,ValidateWorld,50,3.208
1,EvaluatePlacement_valid,50,13.667
1,PlaceBuilding_valid,50,22.958
1,EvaluatePlacement_overlap,50,3.417
1,PlaceBuilding_overlap,50,6.542
1,ValidateWorld,51,3.667
1,EvaluatePlacement_valid,51,9.791
1,PlaceBuilding_valid,51,23.375
1,EvaluatePlacement_overlap,51,3.666
1,PlaceBuilding_overlap,51,7.000
1,ValidateWorld,52,3.292
1,EvaluatePlacement_valid,52,9.791
1,PlaceBuilding_valid,52,23.583
1,EvaluatePlacement_overlap,52,3.667
1,PlaceBuilding_overlap,52,6.667
1,ValidateWorld,53,3.000
1,EvaluatePlacement_valid,53,9.542
1,PlaceBuilding_valid,53,23.667
1,EvaluatePlacement_overlap,53,3.625
1,PlaceBuilding_overlap,53,6.917
1,ValidateWorld,54,3.167
1,EvaluatePlacement_valid,54,9.417
1,PlaceBuilding_valid,54,22.416
1,EvaluatePlacement_overlap,54,3.416
1,PlaceBuilding_overlap,54,6.500
1,ValidateWorld,55,3.292
1,EvaluatePlacement_valid,55,9.042
1,PlaceBuilding_valid,55,22.583
1,EvaluatePlacement_overlap,55,3.416
1,PlaceBuilding_overlap,55,6.500
1,ValidateWorld,56,3.000
1,EvaluatePlacement_valid,56,9.583
1,PlaceBuilding_valid,56,22.208
1,EvaluatePlacement_overlap,56,3.458
1,PlaceBuilding_overlap,56,6.750
1,ValidateWorld,57,3.042
1,EvaluatePlacement_valid,57,9.250
1,PlaceBuilding_valid,57,22.792
1,EvaluatePlacement_overlap,57,3.417
1,PlaceBuilding_overlap,57,6.666
1,ValidateWorld,58,3.084
1,EvaluatePlacement_valid,58,9.459
1,PlaceBuilding_valid,58,22.667
1,EvaluatePlacement_overlap,58,3.625
1,PlaceBuilding_overlap,58,6.459
1,ValidateWorld,59,3.083
1,EvaluatePlacement_valid,59,9.125
1,PlaceBuilding_valid,59,22.291
1,EvaluatePlacement_overlap,59,3.458
1,PlaceBuilding_overlap,59,6.541
1,ValidateWorld,60,3.042
1,EvaluatePlacement_valid,60,9.375
1,PlaceBuilding_valid,60,22.708
1,EvaluatePlacement_overlap,60,3.417
1,PlaceBuilding_overlap,60,6.375
1,ValidateWorld,61,3.291
1,EvaluatePlacement_valid,61,9.125
1,PlaceBuilding_valid,61,22.625
1,EvaluatePlacement_overlap,61,3.459
1,PlaceBuilding_overlap,61,6.375
1,ValidateWorld,62,3.000
1,EvaluatePlacement_valid,62,9.209
1,PlaceBuilding_valid,62,24.459
1,EvaluatePlacement_overlap,62,4.000
1,PlaceBuilding_overlap,62,7.709
1,ValidateWorld,63,3.542
1,EvaluatePlacement_valid,63,10.833
1,PlaceBuilding_valid,63,26.250
1,EvaluatePlacement_overlap,63,4.125
1,PlaceBuilding_overlap,63,7.542
1,ValidateWorld,64,3.583
1,EvaluatePlacement_valid,64,10.750
1,PlaceBuilding_valid,64,26.250
1,EvaluatePlacement_overlap,64,4.167
1,PlaceBuilding_overlap,64,7.667
1,ValidateWorld,65,3.625
1,EvaluatePlacement_valid,65,10.916
1,PlaceBuilding_valid,65,26.458
1,EvaluatePlacement_overlap,65,4.041
1,PlaceBuilding_overlap,65,7.625
1,ValidateWorld,66,3.542
1,EvaluatePlacement_valid,66,11.250
1,PlaceBuilding_valid,66,26.333
1,EvaluatePlacement_overlap,66,4.083
1,PlaceBuilding_overlap,66,7.500
1,ValidateWorld,67,3.542
1,EvaluatePlacement_valid,67,10.750
1,PlaceBuilding_valid,67,26.084
1,EvaluatePlacement_overlap,67,4.042
1,PlaceBuilding_overlap,67,7.750
1,ValidateWorld,68,3.541
1,EvaluatePlacement_valid,68,10.917
1,PlaceBuilding_valid,68,84.334
1,EvaluatePlacement_overlap,68,7.417
1,PlaceBuilding_overlap,68,28.209
1,ValidateWorld,69,4.333
1,EvaluatePlacement_valid,69,11.042
1,PlaceBuilding_valid,69,27.250
1,EvaluatePlacement_overlap,69,4.209
1,PlaceBuilding_overlap,69,7.834
1,ValidateWorld,70,3.750
1,EvaluatePlacement_valid,70,11.000
1,PlaceBuilding_valid,70,26.125
1,EvaluatePlacement_overlap,70,4.125
1,PlaceBuilding_overlap,70,7.583
1,ValidateWorld,71,3.542
1,EvaluatePlacement_valid,71,10.875
1,PlaceBuilding_valid,71,26.625
1,EvaluatePlacement_overlap,71,4.125
1,PlaceBuilding_overlap,71,7.791
1,ValidateWorld,72,3.541
1,EvaluatePlacement_valid,72,10.792
1,PlaceBuilding_valid,72,26.542
1,EvaluatePlacement_overlap,72,4.209
1,PlaceBuilding_overlap,72,7.792
1,ValidateWorld,73,3.667
1,EvaluatePlacement_valid,73,10.875
1,PlaceBuilding_valid,73,26.291
1,EvaluatePlacement_overlap,73,4.083
1,PlaceBuilding_overlap,73,7.791
1,ValidateWorld,74,3.583
1,EvaluatePlacement_valid,74,10.875
1,PlaceBuilding_valid,74,26.500
1,EvaluatePlacement_overlap,74,4.292
1,PlaceBuilding_overlap,74,7.709
1,ValidateWorld,75,3.625
1,EvaluatePlacement_valid,75,10.833
1,PlaceBuilding_valid,75,26.583
1,EvaluatePlacement_overlap,75,4.125
1,PlaceBuilding_overlap,75,7.917
1,ValidateWorld,76,4.125
1,EvaluatePlacement_valid,76,11.417
1,PlaceBuilding_valid,76,26.333
1,EvaluatePlacement_overlap,76,4.125
1,PlaceBuilding_overlap,76,7.792
1,ValidateWorld,77,3.542
1,EvaluatePlacement_valid,77,10.792
1,PlaceBuilding_valid,77,26.625
1,EvaluatePlacement_overlap,77,4.083
1,PlaceBuilding_overlap,77,7.791
1,ValidateWorld,78,3.791
1,EvaluatePlacement_valid,78,32.375
1,PlaceBuilding_valid,78,36.208
1,EvaluatePlacement_overlap,78,5.208
1,PlaceBuilding_overlap,78,8.500
1,ValidateWorld,79,3.833
1,EvaluatePlacement_valid,79,11.875
1,PlaceBuilding_valid,79,28.875
1,EvaluatePlacement_overlap,79,4.458
1,PlaceBuilding_overlap,79,8.083
1,ValidateWorld,80,3.834
1,EvaluatePlacement_valid,80,11.709
1,PlaceBuilding_valid,80,27.959
1,EvaluatePlacement_overlap,80,4.375
1,PlaceBuilding_overlap,80,7.958
1,ValidateWorld,81,3.667
1,EvaluatePlacement_valid,81,11.375
1,PlaceBuilding_valid,81,27.667
1,EvaluatePlacement_overlap,81,4.291
1,PlaceBuilding_overlap,81,7.792
1,ValidateWorld,82,3.666
1,EvaluatePlacement_valid,82,11.292
1,PlaceBuilding_valid,82,27.500
1,EvaluatePlacement_overlap,82,4.125
1,PlaceBuilding_overlap,82,30.000
1,ValidateWorld,83,3.792
1,EvaluatePlacement_valid,83,39.542
1,PlaceBuilding_valid,83,124.416
1,EvaluatePlacement_overlap,83,4.666
1,PlaceBuilding_overlap,83,7.875
1,ValidateWorld,84,10.959
1,EvaluatePlacement_valid,84,34.667
1,PlaceBuilding_valid,84,31.459
1,EvaluatePlacement_overlap,84,4.417
1,PlaceBuilding_overlap,84,7.750
1,ValidateWorld,85,3.750
1,EvaluatePlacement_valid,85,11.334
1,PlaceBuilding_valid,85,26.625
1,EvaluatePlacement_overlap,85,4.000
1,PlaceBuilding_overlap,85,7.666
1,ValidateWorld,86,3.750
1,EvaluatePlacement_valid,86,11.042
1,PlaceBuilding_valid,86,62.041
1,EvaluatePlacement_overlap,86,5.791
1,PlaceBuilding_overlap,86,8.042
1,ValidateWorld,87,5.042
1,EvaluatePlacement_valid,87,11.584
1,PlaceBuilding_valid,87,28.209
1,EvaluatePlacement_overlap,87,4.542
1,PlaceBuilding_overlap,87,7.792
1,ValidateWorld,88,3.708
1,EvaluatePlacement_valid,88,11.208
1,PlaceBuilding_valid,88,63.917
1,EvaluatePlacement_overlap,88,5.791
1,PlaceBuilding_overlap,88,7.791
1,ValidateWorld,89,3.583
1,EvaluatePlacement_valid,89,11.875
1,PlaceBuilding_valid,89,26.959
1,EvaluatePlacement_overlap,89,4.167
1,PlaceBuilding_overlap,89,7.542
1,ValidateWorld,90,3.584
1,EvaluatePlacement_valid,90,11.000
1,PlaceBuilding_valid,90,26.375
1,EvaluatePlacement_overlap,90,4.167
1,PlaceBuilding_overlap,90,7.791
1,ValidateWorld,91,3.917
1,EvaluatePlacement_valid,91,10.917
1,PlaceBuilding_valid,91,26.208
1,EvaluatePlacement_overlap,91,4.125
1,PlaceBuilding_overlap,91,7.542
1,ValidateWorld,92,3.667
1,EvaluatePlacement_valid,92,10.792
1,PlaceBuilding_valid,92,26.125
1,EvaluatePlacement_overlap,92,4.166
1,PlaceBuilding_overlap,92,7.542
1,ValidateWorld,93,3.750
1,EvaluatePlacement_valid,93,11.041
1,PlaceBuilding_valid,93,26.458
1,EvaluatePlacement_overlap,93,4.083
1,PlaceBuilding_overlap,93,7.625
1,ValidateWorld,94,3.583
1,EvaluatePlacement_valid,94,10.750
1,PlaceBuilding_valid,94,26.333
1,EvaluatePlacement_overlap,94,4.084
1,PlaceBuilding_overlap,94,7.625
1,ValidateWorld,95,3.708
1,EvaluatePlacement_valid,95,10.833
1,PlaceBuilding_valid,95,25.958
1,EvaluatePlacement_overlap,95,4.041
1,PlaceBuilding_overlap,95,7.625
1,ValidateWorld,96,3.834
1,EvaluatePlacement_valid,96,11.084
1,PlaceBuilding_valid,96,26.417
1,EvaluatePlacement_overlap,96,4.167
1,PlaceBuilding_overlap,96,7.625
1,ValidateWorld,97,3.708
1,EvaluatePlacement_valid,97,10.750
1,PlaceBuilding_valid,97,26.375
1,EvaluatePlacement_overlap,97,4.167
1,PlaceBuilding_overlap,97,7.625
1,ValidateWorld,98,3.542
1,EvaluatePlacement_valid,98,10.750
1,PlaceBuilding_valid,98,26.250
1,EvaluatePlacement_overlap,98,4.083
1,PlaceBuilding_overlap,98,7.625
1,ValidateWorld,99,3.542
1,EvaluatePlacement_valid,99,10.792
1,PlaceBuilding_valid,99,26.500
1,EvaluatePlacement_overlap,99,4.042
1,PlaceBuilding_overlap,99,7.708
10,ValidateWorld,0,33.209
10,EvaluatePlacement_valid,0,41.000
10,PlaceBuilding_valid,0,117.625
10,EvaluatePlacement_overlap,0,34.125
10,PlaceBuilding_overlap,0,67.542
10,ValidateWorld,1,33.917
10,EvaluatePlacement_valid,1,40.750
10,PlaceBuilding_valid,1,118.750
10,EvaluatePlacement_overlap,1,37.459
10,PlaceBuilding_overlap,1,68.000
10,ValidateWorld,2,33.291
10,EvaluatePlacement_valid,2,41.416
10,PlaceBuilding_valid,2,117.500
10,EvaluatePlacement_overlap,2,33.708
10,PlaceBuilding_overlap,2,67.458
10,ValidateWorld,3,33.541
10,EvaluatePlacement_valid,3,41.625
10,PlaceBuilding_valid,3,177.833
10,EvaluatePlacement_overlap,3,36.708
10,PlaceBuilding_overlap,3,67.625
10,ValidateWorld,4,36.500
10,EvaluatePlacement_valid,4,42.417
10,PlaceBuilding_valid,4,120.125
10,EvaluatePlacement_overlap,4,34.292
10,PlaceBuilding_overlap,4,90.292
10,ValidateWorld,5,33.541
10,EvaluatePlacement_valid,5,40.792
10,PlaceBuilding_valid,5,118.042
10,EvaluatePlacement_overlap,5,33.917
10,PlaceBuilding_overlap,5,67.333
10,ValidateWorld,6,33.084
10,EvaluatePlacement_valid,6,41.250
10,PlaceBuilding_valid,6,117.750
10,EvaluatePlacement_overlap,6,33.875
10,PlaceBuilding_overlap,6,67.209
10,ValidateWorld,7,33.875
10,EvaluatePlacement_valid,7,42.125
10,PlaceBuilding_valid,7,355.250
10,EvaluatePlacement_overlap,7,41.458
10,PlaceBuilding_overlap,7,71.125
10,ValidateWorld,8,87.792
10,EvaluatePlacement_valid,8,43.000
10,PlaceBuilding_valid,8,170.000
10,EvaluatePlacement_overlap,8,48.167
10,PlaceBuilding_overlap,8,71.208
10,ValidateWorld,9,180.083
10,EvaluatePlacement_valid,9,94.916
10,PlaceBuilding_valid,9,120.916
10,EvaluatePlacement_overlap,9,34.250
10,PlaceBuilding_overlap,9,67.292
10,ValidateWorld,10,33.209
10,EvaluatePlacement_valid,10,41.500
10,PlaceBuilding_valid,10,145.000
10,EvaluatePlacement_overlap,10,38.084
10,PlaceBuilding_overlap,10,70.500
10,ValidateWorld,11,42.875
10,EvaluatePlacement_valid,11,43.042
10,PlaceBuilding_valid,11,122.666
10,EvaluatePlacement_overlap,11,34.208
10,PlaceBuilding_overlap,11,67.417
10,ValidateWorld,12,33.000
10,EvaluatePlacement_valid,12,40.833
10,PlaceBuilding_valid,12,116.833
10,EvaluatePlacement_overlap,12,33.417
10,PlaceBuilding_overlap,12,69.917
10,ValidateWorld,13,47.542
10,EvaluatePlacement_valid,13,50.916
10,PlaceBuilding_valid,13,107.000
10,EvaluatePlacement_overlap,13,28.708
10,PlaceBuilding_overlap,13,57.250
10,ValidateWorld,14,28.042
10,EvaluatePlacement_valid,14,73.875
10,PlaceBuilding_valid,14,109.083
10,EvaluatePlacement_overlap,14,29.458
10,PlaceBuilding_overlap,14,56.875
10,ValidateWorld,15,28.417
10,EvaluatePlacement_valid,15,34.708
10,PlaceBuilding_valid,15,103.916
10,EvaluatePlacement_overlap,15,28.791
10,PlaceBuilding_overlap,15,56.875
10,ValidateWorld,16,28.333
10,EvaluatePlacement_valid,16,34.500
10,PlaceBuilding_valid,16,101.042
10,EvaluatePlacement_overlap,16,28.958
10,PlaceBuilding_overlap,16,57.166
10,ValidateWorld,17,28.250
10,EvaluatePlacement_valid,17,38.416
10,PlaceBuilding_valid,17,99.625
10,EvaluatePlacement_overlap,17,28.875
10,PlaceBuilding_overlap,17,57.125
10,ValidateWorld,18,28.291
10,EvaluatePlacement_valid,18,35.000
10,PlaceBuilding_valid,18,99.875
10,EvaluatePlacement_overlap,18,28.792
10,PlaceBuilding_overlap,18,57.000
10,ValidateWorld,19,28.166
10,EvaluatePlacement_valid,19,34.666
10,PlaceBuilding_valid,19,100.000
10,EvaluatePlacement_overlap,19,28.833
10,PlaceBuilding_overlap,19,57.167
10,ValidateWorld,20,28.291
10,EvaluatePlacement_valid,20,35.000
10,PlaceBuilding_valid,20,112.708
10,EvaluatePlacement_overlap,20,28.458
10,PlaceBuilding_overlap,20,57.375
10,ValidateWorld,21,28.083
10,EvaluatePlacement_valid,21,34.958
10,PlaceBuilding_valid,21,100.000
10,EvaluatePlacement_overlap,21,28.500
10,PlaceBuilding_overlap,21,57.333
10,ValidateWorld,22,28.250
10,EvaluatePlacement_valid,22,34.875
10,PlaceBuilding_valid,22,100.167
10,EvaluatePlacement_overlap,22,28.750
10,PlaceBuilding_overlap,22,57.208
10,ValidateWorld,23,28.292
10,EvaluatePlacement_valid,23,34.833
10,PlaceBuilding_valid,23,149.708
10,EvaluatePlacement_overlap,23,28.750
10,PlaceBuilding_overlap,23,56.875
10,ValidateWorld,24,28.292
10,EvaluatePlacement_valid,24,34.916
10,PlaceBuilding_valid,24,100.042
10,EvaluatePlacement_overlap,24,28.500
10,PlaceBuilding_overlap,24,57.583
10,ValidateWorld,25,28.208
10,EvaluatePlacement_valid,25,34.875
10,PlaceBuilding_valid,25,100.042
10,EvaluatePlacement_overlap,25,29.083
10,PlaceBuilding_overlap,25,57.291
10,ValidateWorld,26,29.041
10,EvaluatePlacement_valid,26,34.917
10,PlaceBuilding_valid,26,99.917
10,EvaluatePlacement_overlap,26,28.666
10,PlaceBuilding_overlap,26,57.417
10,ValidateWorld,27,28.208
10,EvaluatePlacement_valid,27,35.042
10,PlaceBuilding_valid,27,99.250
10,EvaluatePlacement_overlap,27,28.750
10,PlaceBuilding_overlap,27,56.708
10,ValidateWorld,28,28.084
10,EvaluatePlacement_valid,28,34.959
10,PlaceBuilding_valid,28,99.459
10,EvaluatePlacement_overlap,28,28.458
10,PlaceBuilding_overlap,28,56.708
10,ValidateWorld,29,28.000
10,EvaluatePlacement_valid,29,34.917
10,PlaceBuilding_valid,29,99.916
10,EvaluatePlacement_overlap,29,28.583
10,PlaceBuilding_overlap,29,57.166
10,ValidateWorld,30,28.084
10,EvaluatePlacement_valid,30,34.708
10,PlaceBuilding_valid,30,99.458
10,EvaluatePlacement_overlap,30,28.458
10,PlaceBuilding_overlap,30,60.708
10,ValidateWorld,31,28.209
10,EvaluatePlacement_valid,31,35.084
10,PlaceBuilding_valid,31,102.292
10,EvaluatePlacement_overlap,31,28.541
10,PlaceBuilding_overlap,31,56.708
10,ValidateWorld,32,27.958
10,EvaluatePlacement_valid,32,34.500
10,PlaceBuilding_valid,32,99.542
10,EvaluatePlacement_overlap,32,28.334
10,PlaceBuilding_overlap,32,56.750
10,ValidateWorld,33,28.375
10,EvaluatePlacement_valid,33,34.750
10,PlaceBuilding_valid,33,99.958
10,EvaluatePlacement_overlap,33,28.958
10,PlaceBuilding_overlap,33,57.000
10,ValidateWorld,34,28.291
10,EvaluatePlacement_valid,34,34.625
10,PlaceBuilding_valid,34,99.875
10,EvaluatePlacement_overlap,34,28.792
10,PlaceBuilding_overlap,34,57.250
10,ValidateWorld,35,28.583
10,EvaluatePlacement_valid,35,35.833
10,PlaceBuilding_valid,35,170.458
10,EvaluatePlacement_overlap,35,30.875
10,PlaceBuilding_overlap,35,109.542
10,ValidateWorld,36,55.750
10,EvaluatePlacement_valid,36,36.584
10,PlaceBuilding_valid,36,137.125
10,EvaluatePlacement_overlap,36,30.083
10,PlaceBuilding_overlap,36,84.167
10,ValidateWorld,37,29.333
10,EvaluatePlacement_valid,37,35.083
10,PlaceBuilding_valid,37,99.916
10,EvaluatePlacement_overlap,37,28.667
10,PlaceBuilding_overlap,37,56.917
10,ValidateWorld,38,28.458
10,EvaluatePlacement_valid,38,34.833
10,PlaceBuilding_valid,38,99.708
10,EvaluatePlacement_overlap,38,28.833
10,PlaceBuilding_overlap,38,56.708
10,ValidateWorld,39,28.500
10,EvaluatePlacement_valid,39,34.792
10,PlaceBuilding_valid,39,100.084
10,EvaluatePlacement_overlap,39,28.458
10,PlaceBuilding_overlap,39,56.708
10,ValidateWorld,40,27.875
10,EvaluatePlacement_valid,40,34.917
10,PlaceBuilding_valid,40,201.250
10,EvaluatePlacement_overlap,40,30.125
10,PlaceBuilding_overlap,40,57.500
10,ValidateWorld,41,28.667
10,EvaluatePlacement_valid,41,35.500
10,PlaceBuilding_valid,41,100.417
10,EvaluatePlacement_overlap,41,29.125
10,PlaceBuilding_overlap,41,57.917
10,ValidateWorld,42,28.583
10,EvaluatePlacement_valid,42,35.292
10,PlaceBuilding_valid,42,101.584
10,EvaluatePlacement_overlap,42,29.167
10,PlaceBuilding_overlap,42,57.375
10,ValidateWorld,43,28.625
10,EvaluatePlacement_valid,43,34.833
10,PlaceBuilding_valid,43,100.125
10,EvaluatePlacement_overlap,43,29.250
10,PlaceBuilding_overlap,43,58.042
10,ValidateWorld,44,28.333
10,EvaluatePlacement_valid,44,34.458
10,PlaceBuilding_valid,44,99.292
10,EvaluatePlacement_overlap,44,28.208
10,PlaceBuilding_overlap,44,57.000
10,ValidateWorld,45,28.167
10,EvaluatePlacement_valid,45,34.625
10,PlaceBuilding_valid,45,99.000
10,EvaluatePlacement_overlap,45,28.500
10,PlaceBuilding_overlap,45,56.917
10,ValidateWorld,46,28.250
10,EvaluatePlacement_valid,46,35.042
10,PlaceBuilding_valid,46,99.209
10,EvaluatePlacement_overlap,46,28.917
10,PlaceBuilding_overlap,46,56.917
10,ValidateWorld,47,28.208
10,EvaluatePlacement_valid,47,34.750
10,PlaceBuilding_valid,47,99.291
10,EvaluatePlacement_overlap,47,28.667
10,PlaceBuilding_overlap,47,56.959
10,ValidateWorld,48,28.083
10,EvaluatePlacement_valid,48,34.917
10,PlaceBuilding_valid,48,99.459
10,EvaluatePlacement_overlap,48,28.584
10,PlaceBuilding_overlap,48,56.834
10,ValidateWorld,49,28.583
10,EvaluatePlacement_valid,49,34.542
10,PlaceBuilding_valid,49,99.292
10,EvaluatePlacement_overlap,49,28.791
10,PlaceBuilding_overlap,49,56.583
10,ValidateWorld,50,28.167
10,EvaluatePlacement_valid,50,128.458
10,PlaceBuilding_valid,50,144.000
10,EvaluatePlacement_overlap,50,29.792
10,PlaceBuilding_overlap,50,57.250
10,ValidateWorld,51,28.083
10,EvaluatePlacement_valid,51,34.917
10,PlaceBuilding_valid,51,180.459
10,EvaluatePlacement_overlap,51,44.375
10,PlaceBuilding_overlap,51,89.458
10,ValidateWorld,52,46.417
10,EvaluatePlacement_valid,52,51.750
10,PlaceBuilding_valid,52,194.459
10,EvaluatePlacement_overlap,52,48.750
10,PlaceBuilding_overlap,52,108.583
10,ValidateWorld,53,31.792
10,EvaluatePlacement_valid,53,36.459
10,PlaceBuilding_valid,53,102.334
10,EvaluatePlacement_overlap,53,29.209
10,PlaceBuilding_overlap,53,57.167
10,ValidateWorld,54,28.458
10,EvaluatePlacement_valid,54,34.791
10,PlaceBuilding_valid,54,100.458
10,EvaluatePlacement_overlap,54,28.875
10,PlaceBuilding_overlap,54,86.333
10,ValidateWorld,55,33.708
10,EvaluatePlacement_valid,55,41.167
10,PlaceBuilding_valid,55,118.208
10,EvaluatePlacement_overlap,55,33.917
10,PlaceBuilding_overlap,55,67.167
10,ValidateWorld,56,33.125
10,EvaluatePlacement_valid,56,40.833
10,PlaceBuilding_valid,56,117.125
10,EvaluatePlacement_overlap,56,36.834
10,PlaceBuilding_overlap,56,113.083
10,ValidateWorld,57,33.792
10,EvaluatePlacement_valid,57,41.084
10,PlaceBuilding_valid,57,116.584
10,EvaluatePlacement_overlap,57,33.583
10,PlaceBuilding_overlap,57,66.291
10,ValidateWorld,58,33.334
10,EvaluatePlacement_valid,58,41.042
10,PlaceBuilding_valid,58,117.084
10,EvaluatePlacement_overlap,58,33.459
10,PlaceBuilding_overlap,58,72.000
10,ValidateWorld,59,37.208
10,EvaluatePlacement_valid,59,41.166
10,PlaceBuilding_valid,59,290.917
10,EvaluatePlacement_overlap,59,34.042
10,PlaceBuilding_overlap,59,67.000
10,ValidateWorld,60,33.125
10,EvaluatePlacement_valid,60,40.916
10,PlaceBuilding_valid,60,162.708
10,EvaluatePlacement_overlap,60,33.667
10,PlaceBuilding_overlap,60,66.792
10,ValidateWorld,61,33.250
10,EvaluatePlacement_valid,61,41.042
10,PlaceBuilding_valid,61,195.000
10,EvaluatePlacement_overlap,61,37.500
10,PlaceBuilding_overlap,61,67.209
10,ValidateWorld,62,32.834
10,EvaluatePlacement_valid,62,41.750
10,PlaceBuilding_valid,62,183.500
10,EvaluatePlacement_overlap,62,56.958
10,PlaceBuilding_overlap,62,66.750
10,ValidateWorld,63,32.750
10,EvaluatePlacement_valid,63,40.792
10,PlaceBuilding_valid,63,117.000
10,EvaluatePlacement_overlap,63,33.542
10,PlaceBuilding_overlap,63,65.917
10,ValidateWorld,64,32.708
10,EvaluatePlacement_valid,64,100.250
10,PlaceBuilding_valid,64,120.667
10,EvaluatePlacement_overlap,64,33.333
10,PlaceBuilding_overlap,64,71.125
10,ValidateWorld,65,33.416
10,EvaluatePlacement_valid,65,41.083
10,PlaceBuilding_valid,65,117.750
10,EvaluatePlacement_overlap,65,33.458
10,PlaceBuilding_overlap,65,66.583
10,ValidateWorld,66,33.083
10,EvaluatePlacement_valid,66,41.791
10,PlaceBuilding_valid,66,187.458
10,EvaluatePlacement_overlap,66,33.833
10,PlaceBuilding_overlap,66,66.792
10,ValidateWorld,67,33.458
10,EvaluatePlacement_valid,67,45.541
10,PlaceBuilding_valid,67,227.458
10,EvaluatePlacement_overlap,67,39.666
10,PlaceBuilding_overlap,67,69.791
10,ValidateWorld,68,34.125
10,EvaluatePlacement_valid,68,46.292
10,PlaceBuilding_valid,68,121.209
10,EvaluatePlacement_overlap,68,34.750
10,PlaceBuilding_overlap,68,70.375
10,ValidateWorld,69,33.708
10,EvaluatePlacement_valid,69,42.250
10,PlaceBuilding_valid,69,226.458
10,EvaluatePlacement_overlap,69,35.541
10,PlaceBuilding_overlap,69,181.042
10,ValidateWorld,70,33.209
10,EvaluatePlacement_valid,70,41.667
10,PlaceBuilding_valid,70,118.125
10,EvaluatePlacement_overlap,70,33.667
10,PlaceBuilding_overlap,70,66.500
10,ValidateWorld,71,33.125
10,EvaluatePlacement_valid,71,41.166
10,PlaceBuilding_valid,71,116.458
10,EvaluatePlacement_overlap,71,33.458
10,PlaceBuilding_overlap,71,67.125
10,ValidateWorld,72,32.834
10,EvaluatePlacement_valid,72,40.625
10,PlaceBuilding_valid,72,116.458
10,EvaluatePlacement_overlap,72,33.208
10,PlaceBuilding_overlap,72,67.042
10,ValidateWorld,73,33.416
10,EvaluatePlacement_valid,73,41.042
10,PlaceBuilding_valid,73,116.500
10,EvaluatePlacement_overlap,73,33.416
10,PlaceBuilding_overlap,73,67.042
10,ValidateWorld,74,33.083
10,EvaluatePlacement_valid,74,41.375
10,PlaceBuilding_valid,74,116.875
10,EvaluatePlacement_overlap,74,33.416
10,PlaceBuilding_overlap,74,66.750
10,ValidateWorld,75,33.166
10,EvaluatePlacement_valid,75,41.250
10,PlaceBuilding_valid,75,116.917
10,EvaluatePlacement_overlap,75,33.375
10,PlaceBuilding_overlap,75,67.500
10,ValidateWorld,76,32.750
10,EvaluatePlacement_valid,76,41.000
10,PlaceBuilding_valid,76,116.292
10,EvaluatePlacement_overlap,76,33.667
10,PlaceBuilding_overlap,76,66.667
10,ValidateWorld,77,33.000
10,EvaluatePlacement_valid,77,40.834
10,PlaceBuilding_valid,77,116.042
10,EvaluatePlacement_overlap,77,33.500
10,PlaceBuilding_overlap,77,67.584
10,ValidateWorld,78,32.834
10,EvaluatePlacement_valid,78,40.792
10,PlaceBuilding_valid,78,116.500
10,EvaluatePlacement_overlap,78,33.708
10,PlaceBuilding_overlap,78,67.084
10,ValidateWorld,79,33.375
10,EvaluatePlacement_valid,79,41.042
10,PlaceBuilding_valid,79,141.959
10,EvaluatePlacement_overlap,79,59.792
10,PlaceBuilding_overlap,79,167.333
10,ValidateWorld,80,52.125
10,EvaluatePlacement_valid,80,41.916
10,PlaceBuilding_valid,80,119.500
10,EvaluatePlacement_overlap,80,33.625
10,PlaceBuilding_overlap,80,67.084
10,ValidateWorld,81,33.292
10,EvaluatePlacement_valid,81,40.875
10,PlaceBuilding_valid,81,117.375
10,EvaluatePlacement_overlap,81,33.750
10,PlaceBuilding_overlap,81,67.042
10,ValidateWorld,82,34.500
10,EvaluatePlacement_valid,82,40.875
10,PlaceBuilding_valid,82,116.792
10,EvaluatePlacement_overlap,82,33.459
10,PlaceBuilding_overlap,82,66.958
10,ValidateWorld,83,32.875
10,EvaluatePlacement_valid,83,40.292
10,PlaceBuilding_valid,83,116.458
10,EvaluatePlacement_overlap,83,33.125
10,PlaceBuilding_overlap,83,66.584
10,ValidateWorld,84,32.667
10,EvaluatePlacement_valid,84,40.333
10,PlaceBuilding_valid,84,116.417
10,EvaluatePlacement_overlap,84,33.292
10,PlaceBuilding_overlap,84,66.958
10,ValidateWorld,85,32.833
10,EvaluatePlacement_valid,85,40.458
10,PlaceBuilding_valid,85,330.417
10,EvaluatePlacement_overlap,85,37.917
10,PlaceBuilding_overlap,85,84.334
10,ValidateWorld,86,33.084
10,EvaluatePlacement_valid,86,41.875
10,PlaceBuilding_valid,86,231.208
10,EvaluatePlacement_overlap,86,34.125
10,PlaceBuilding_overlap,86,67.083
10,ValidateWorld,87,32.834
10,EvaluatePlacement_valid,87,41.459
10,PlaceBuilding_valid,87,116.292
10,EvaluatePlacement_overlap,87,33.959
10,PlaceBuilding_overlap,87,66.292
10,ValidateWorld,88,32.833
10,EvaluatePlacement_valid,88,40.500
10,PlaceBuilding_valid,88,116.458
10,EvaluatePlacement_overlap,88,33.333
10,PlaceBuilding_overlap,88,66.500
10,ValidateWorld,89,32.708
10,EvaluatePlacement_valid,89,40.584
10,PlaceBuilding_valid,89,149.709
10,EvaluatePlacement_overlap,89,42.750
10,PlaceBuilding_overlap,89,69.125
10,ValidateWorld,90,33.708
10,EvaluatePlacement_valid,90,42.875
10,PlaceBuilding_valid,90,120.833
10,EvaluatePlacement_overlap,90,68.708
10,PlaceBuilding_overlap,90,67.791
10,ValidateWorld,91,38.250
10,EvaluatePlacement_valid,91,41.292
10,PlaceBuilding_valid,91,171.375
10,EvaluatePlacement_overlap,91,33.875
10,PlaceBuilding_overlap,91,66.917
10,ValidateWorld,92,33.417
10,EvaluatePlacement_valid,92,40.875
10,PlaceBuilding_valid,92,117.792
10,EvaluatePlacement_overlap,92,33.417
10,PlaceBuilding_overlap,92,66.875
10,ValidateWorld,93,48.584
10,EvaluatePlacement_valid,93,41.083
10,PlaceBuilding_valid,93,176.083
10,EvaluatePlacement_overlap,93,33.625
10,PlaceBuilding_overlap,93,67.083
10,ValidateWorld,94,33.583
10,EvaluatePlacement_valid,94,40.875
10,PlaceBuilding_valid,94,105.541
10,EvaluatePlacement_overlap,94,28.542
10,PlaceBuilding_overlap,94,57.375
10,ValidateWorld,95,44.417
10,EvaluatePlacement_valid,95,36.209
10,PlaceBuilding_valid,95,101.459
10,EvaluatePlacement_overlap,95,28.709
10,PlaceBuilding_overlap,95,57.250
10,ValidateWorld,96,28.209
10,EvaluatePlacement_valid,96,34.875
10,PlaceBuilding_valid,96,100.083
10,EvaluatePlacement_overlap,96,28.833
10,PlaceBuilding_overlap,96,56.750
10,ValidateWorld,97,28.584
10,EvaluatePlacement_valid,97,35.209
10,PlaceBuilding_valid,97,99.000
10,EvaluatePlacement_overlap,97,28.125
10,PlaceBuilding_overlap,97,56.375
10,ValidateWorld,98,27.750
10,EvaluatePlacement_valid,98,34.583
10,PlaceBuilding_valid,98,126.541
10,EvaluatePlacement_overlap,98,29.458
10,PlaceBuilding_overlap,98,57.083
10,ValidateWorld,99,28.333
10,EvaluatePlacement_valid,99,34.750
10,PlaceBuilding_valid,99,99.917
10,EvaluatePlacement_overlap,99,28.541
10,PlaceBuilding_overlap,99,57.000
100,ValidateWorld,0,556.542
100,EvaluatePlacement_valid,0,556.583
100,PlaceBuilding_valid,0,2344.041
100,EvaluatePlacement_overlap,0,549.167
100,PlaceBuilding_overlap,0,1084.250
100,ValidateWorld,1,544.500
100,EvaluatePlacement_valid,1,553.458
100,PlaceBuilding_valid,1,1783.583
100,EvaluatePlacement_overlap,1,549.958
100,PlaceBuilding_overlap,1,1081.416
100,ValidateWorld,2,589.292
100,EvaluatePlacement_valid,2,652.417
100,PlaceBuilding_valid,2,1905.334
100,EvaluatePlacement_overlap,2,608.833
100,PlaceBuilding_overlap,2,1435.166
100,ValidateWorld,3,679.542
100,EvaluatePlacement_valid,3,482.583
100,PlaceBuilding_valid,3,2391.500
100,EvaluatePlacement_overlap,3,470.875
100,PlaceBuilding_overlap,3,1037.291
100,ValidateWorld,4,584.000
100,EvaluatePlacement_valid,4,475.833
100,PlaceBuilding_valid,4,1468.500
100,EvaluatePlacement_overlap,4,461.750
100,PlaceBuilding_overlap,4,1131.875
100,ValidateWorld,5,462.292
100,EvaluatePlacement_valid,5,468.834
100,PlaceBuilding_valid,5,1418.000
100,EvaluatePlacement_overlap,5,503.958
100,PlaceBuilding_overlap,5,1643.792
100,ValidateWorld,6,469.750
100,EvaluatePlacement_valid,6,542.083
100,PlaceBuilding_valid,6,2124.083
100,EvaluatePlacement_overlap,6,659.041
100,PlaceBuilding_overlap,6,1094.667
100,ValidateWorld,7,631.875
100,EvaluatePlacement_valid,7,932.708
100,PlaceBuilding_valid,7,1774.167
100,EvaluatePlacement_overlap,7,545.209
100,PlaceBuilding_overlap,7,1113.584
100,ValidateWorld,8,542.834
100,EvaluatePlacement_valid,8,553.458
100,PlaceBuilding_valid,8,1731.458
100,EvaluatePlacement_overlap,8,548.167
100,PlaceBuilding_overlap,8,1131.917
100,ValidateWorld,9,547.584
100,EvaluatePlacement_valid,9,745.208
100,PlaceBuilding_valid,9,1870.292
100,EvaluatePlacement_overlap,9,553.209
100,PlaceBuilding_overlap,9,1266.167
100,ValidateWorld,10,558.167
100,EvaluatePlacement_valid,10,584.000
100,PlaceBuilding_valid,10,1986.750
100,EvaluatePlacement_overlap,10,634.917
100,PlaceBuilding_overlap,10,1125.167
100,ValidateWorld,11,477.875
100,EvaluatePlacement_valid,11,473.875
100,PlaceBuilding_valid,11,1569.959
100,EvaluatePlacement_overlap,11,507.709
100,PlaceBuilding_overlap,11,986.667
100,ValidateWorld,12,462.000
100,EvaluatePlacement_valid,12,475.916
100,PlaceBuilding_valid,12,1600.625
100,EvaluatePlacement_overlap,12,498.583
100,PlaceBuilding_overlap,12,925.208
100,ValidateWorld,13,463.125
100,EvaluatePlacement_valid,13,471.750
100,PlaceBuilding_valid,13,1424.500
100,EvaluatePlacement_overlap,13,579.750
100,PlaceBuilding_overlap,13,1198.709
100,ValidateWorld,14,468.416
100,EvaluatePlacement_valid,14,474.542
100,PlaceBuilding_valid,14,1703.042
100,EvaluatePlacement_overlap,14,466.791
100,PlaceBuilding_overlap,14,923.750
100,ValidateWorld,15,463.041
100,EvaluatePlacement_valid,15,474.167
100,PlaceBuilding_valid,15,1553.542
100,EvaluatePlacement_overlap,15,465.833
100,PlaceBuilding_overlap,15,976.375
100,ValidateWorld,16,654.083
100,EvaluatePlacement_valid,16,473.458
100,PlaceBuilding_valid,16,1612.250
100,EvaluatePlacement_overlap,16,590.917
100,PlaceBuilding_overlap,16,1134.083
100,ValidateWorld,17,544.875
100,EvaluatePlacement_valid,17,758.000
100,PlaceBuilding_valid,17,1822.458
100,EvaluatePlacement_overlap,17,752.167
100,PlaceBuilding_overlap,17,1418.167
100,ValidateWorld,18,1190.542
100,EvaluatePlacement_valid,18,853.917
100,PlaceBuilding_valid,18,1698.041
100,EvaluatePlacement_overlap,18,577.291
100,PlaceBuilding_overlap,18,1043.125
100,ValidateWorld,19,484.083
100,EvaluatePlacement_valid,19,474.917
100,PlaceBuilding_valid,19,1449.209
100,EvaluatePlacement_overlap,19,461.917
100,PlaceBuilding_overlap,19,926.750
100,ValidateWorld,20,576.083
100,EvaluatePlacement_valid,20,474.500
100,PlaceBuilding_valid,20,1423.459
100,EvaluatePlacement_overlap,20,461.417
100,PlaceBuilding_overlap,20,919.334
100,ValidateWorld,21,460.750
100,EvaluatePlacement_valid,21,470.792
100,PlaceBuilding_valid,21,1560.666
100,EvaluatePlacement_overlap,21,472.208
100,PlaceBuilding_overlap,21,1017.916
100,ValidateWorld,22,649.333
100,EvaluatePlacement_valid,22,562.958
100,PlaceBuilding_valid,22,1746.125
100,EvaluatePlacement_overlap,22,593.875
100,PlaceBuilding_overlap,22,931.333
100,ValidateWorld,23,488.334
100,EvaluatePlacement_valid,23,482.000
100,PlaceBuilding_valid,23,1515.416
100,EvaluatePlacement_overlap,23,467.125
100,PlaceBuilding_overlap,23,1221.958
100,ValidateWorld,24,472.625
100,EvaluatePlacement_valid,24,478.708
100,PlaceBuilding_valid,24,1434.750
100,EvaluatePlacement_overlap,24,460.583
100,PlaceBuilding_overlap,24,917.959
100,ValidateWorld,25,692.500
100,EvaluatePlacement_valid,25,957.292
100,PlaceBuilding_valid,25,1850.791
100,EvaluatePlacement_overlap,25,907.041
100,PlaceBuilding_overlap,25,1716.458
100,ValidateWorld,26,688.708
100,EvaluatePlacement_valid,26,886.542
100,PlaceBuilding_valid,26,1734.583
100,EvaluatePlacement_overlap,26,617.125
100,PlaceBuilding_overlap,26,1236.417
100,ValidateWorld,27,663.292
100,EvaluatePlacement_valid,27,680.958
100,PlaceBuilding_valid,27,1780.042
100,EvaluatePlacement_overlap,27,779.875
100,PlaceBuilding_overlap,27,1130.292
100,ValidateWorld,28,543.541
100,EvaluatePlacement_valid,28,560.875
100,PlaceBuilding_valid,28,1684.125
100,EvaluatePlacement_overlap,28,546.334
100,PlaceBuilding_overlap,28,1924.417
100,ValidateWorld,29,555.791
100,EvaluatePlacement_valid,29,583.875
100,PlaceBuilding_valid,29,1695.916
100,EvaluatePlacement_overlap,29,545.875
100,PlaceBuilding_overlap,29,1081.334
100,ValidateWorld,30,542.833
100,EvaluatePlacement_valid,30,554.334
100,PlaceBuilding_valid,30,1822.209
100,EvaluatePlacement_overlap,30,595.958
100,PlaceBuilding_overlap,30,1192.042
100,ValidateWorld,31,549.042
100,EvaluatePlacement_valid,31,563.416
100,PlaceBuilding_valid,31,2026.542
100,EvaluatePlacement_overlap,31,712.500
100,PlaceBuilding_overlap,31,982.000
100,ValidateWorld,32,1280.250
100,EvaluatePlacement_valid,32,1003.125
100,PlaceBuilding_valid,32,1651.291
100,EvaluatePlacement_overlap,32,476.375
100,PlaceBuilding_overlap,32,925.166
100,ValidateWorld,33,479.917
100,EvaluatePlacement_valid,33,475.375
100,PlaceBuilding_valid,33,1429.875
100,EvaluatePlacement_overlap,33,462.666
100,PlaceBuilding_overlap,33,1372.750
100,ValidateWorld,34,501.750
100,EvaluatePlacement_valid,34,478.500
100,PlaceBuilding_valid,34,1635.167
100,EvaluatePlacement_overlap,34,545.041
100,PlaceBuilding_overlap,34,1079.625
100,ValidateWorld,35,615.709
100,EvaluatePlacement_valid,35,633.292
100,PlaceBuilding_valid,35,1711.958
100,EvaluatePlacement_overlap,35,548.250
100,PlaceBuilding_overlap,35,1984.667
100,ValidateWorld,36,612.459
100,EvaluatePlacement_valid,36,652.500
100,PlaceBuilding_valid,36,1743.333
100,EvaluatePlacement_overlap,36,515.417
100,PlaceBuilding_overlap,36,1028.542
100,ValidateWorld,37,465.084
100,EvaluatePlacement_valid,37,473.208
100,PlaceBuilding_valid,37,1647.583
100,EvaluatePlacement_overlap,37,506.833
100,PlaceBuilding_overlap,37,960.292
100,ValidateWorld,38,519.083
100,EvaluatePlacement_valid,38,491.083
100,PlaceBuilding_valid,38,1539.625
100,EvaluatePlacement_overlap,38,466.583
100,PlaceBuilding_overlap,38,949.125
100,ValidateWorld,39,492.917
100,EvaluatePlacement_valid,39,478.792
100,PlaceBuilding_valid,39,1523.166
100,EvaluatePlacement_overlap,39,551.875
100,PlaceBuilding_overlap,39,1086.500
100,ValidateWorld,40,651.583
100,EvaluatePlacement_valid,40,610.166
100,PlaceBuilding_valid,40,1773.125
100,EvaluatePlacement_overlap,40,543.875
100,PlaceBuilding_overlap,40,1079.750
100,ValidateWorld,41,540.417
100,EvaluatePlacement_valid,41,551.666
100,PlaceBuilding_valid,41,1772.166
100,EvaluatePlacement_overlap,41,547.167
100,PlaceBuilding_overlap,41,1484.792
100,ValidateWorld,42,693.209
100,EvaluatePlacement_valid,42,566.292
100,PlaceBuilding_valid,42,1912.584
100,EvaluatePlacement_overlap,42,547.667
100,PlaceBuilding_overlap,42,1137.042
100,ValidateWorld,43,794.833
100,EvaluatePlacement_valid,43,566.417
100,PlaceBuilding_valid,43,1798.458
100,EvaluatePlacement_overlap,43,543.833
100,PlaceBuilding_overlap,43,1078.375
100,ValidateWorld,44,539.375
100,EvaluatePlacement_valid,44,551.917
100,PlaceBuilding_valid,44,1679.041
100,EvaluatePlacement_overlap,44,642.958
100,PlaceBuilding_overlap,44,1002.042
100,ValidateWorld,45,463.833
100,EvaluatePlacement_valid,45,474.041
100,PlaceBuilding_valid,45,1425.333
100,EvaluatePlacement_overlap,45,461.667
100,PlaceBuilding_overlap,45,917.959
100,ValidateWorld,46,549.500
100,EvaluatePlacement_valid,46,565.125
100,PlaceBuilding_valid,46,1589.916
100,EvaluatePlacement_overlap,46,1281.667
100,PlaceBuilding_overlap,46,1090.125
100,ValidateWorld,47,533.250
100,EvaluatePlacement_valid,47,507.666
100,PlaceBuilding_valid,47,1569.083
100,EvaluatePlacement_overlap,47,544.958
100,PlaceBuilding_overlap,47,1092.083
100,ValidateWorld,48,543.791
100,EvaluatePlacement_valid,48,555.416
100,PlaceBuilding_valid,48,1938.417
100,EvaluatePlacement_overlap,48,549.833
100,PlaceBuilding_overlap,48,1083.208
100,ValidateWorld,49,541.959
100,EvaluatePlacement_valid,49,554.334
100,PlaceBuilding_valid,49,2383.750
100,EvaluatePlacement_overlap,49,554.750
100,PlaceBuilding_overlap,49,1022.500
100,ValidateWorld,50,638.167
100,EvaluatePlacement_valid,50,480.709
100,PlaceBuilding_valid,50,1441.167
100,EvaluatePlacement_overlap,50,467.500
100,PlaceBuilding_overlap,50,1033.500
100,ValidateWorld,51,520.959
100,EvaluatePlacement_valid,51,478.500
100,PlaceBuilding_valid,51,1441.083
100,EvaluatePlacement_overlap,51,465.792
100,PlaceBuilding_overlap,51,1017.792
100,ValidateWorld,52,461.709
100,EvaluatePlacement_valid,52,471.625
100,PlaceBuilding_valid,52,1467.500
100,EvaluatePlacement_overlap,52,574.500
100,PlaceBuilding_overlap,52,931.667
100,ValidateWorld,53,464.000
100,EvaluatePlacement_valid,53,534.958
100,PlaceBuilding_valid,53,1614.875
100,EvaluatePlacement_overlap,53,543.375
100,PlaceBuilding_overlap,53,1197.208
100,ValidateWorld,54,714.958
100,EvaluatePlacement_valid,54,1125.583
100,PlaceBuilding_valid,54,1727.125
100,EvaluatePlacement_overlap,54,550.125
100,PlaceBuilding_overlap,54,1187.916
100,ValidateWorld,55,778.000
100,EvaluatePlacement_valid,55,564.125
100,PlaceBuilding_valid,55,1696.416
100,EvaluatePlacement_overlap,55,493.792
100,PlaceBuilding_overlap,55,1021.042
100,ValidateWorld,56,496.166
100,EvaluatePlacement_valid,56,471.417
100,PlaceBuilding_valid,56,1484.542
100,EvaluatePlacement_overlap,56,496.541
100,PlaceBuilding_overlap,56,950.333
100,ValidateWorld,57,460.791
100,EvaluatePlacement_valid,57,471.583
100,PlaceBuilding_valid,57,1421.958
100,EvaluatePlacement_overlap,57,681.667
100,PlaceBuilding_overlap,57,1073.000
100,ValidateWorld,58,624.042
100,EvaluatePlacement_valid,58,605.500
100,PlaceBuilding_valid,58,2108.583
100,EvaluatePlacement_overlap,58,586.833
100,PlaceBuilding_overlap,58,1092.292
100,ValidateWorld,59,576.583
100,EvaluatePlacement_valid,59,555.166
100,PlaceBuilding_valid,59,2196.250
100,EvaluatePlacement_overlap,59,546.750
100,PlaceBuilding_overlap,59,1092.541
100,ValidateWorld,60,542.208
100,EvaluatePlacement_valid,60,552.791
100,PlaceBuilding_valid,60,2111.708
100,EvaluatePlacement_overlap,60,665.833
100,PlaceBuilding_overlap,60,2080.166
100,ValidateWorld,61,698.292
100,EvaluatePlacement_valid,61,541.375
100,PlaceBuilding_valid,61,1501.584
100,EvaluatePlacement_overlap,61,540.042
100,PlaceBuilding_overlap,61,1051.500
100,ValidateWorld,62,541.416
100,EvaluatePlacement_valid,62,506.042
100,PlaceBuilding_valid,62,1440.375
100,EvaluatePlacement_overlap,62,496.792
100,PlaceBuilding_overlap,62,1015.667
100,ValidateWorld,63,506.291
100,EvaluatePlacement_valid,63,472.667
100,PlaceBuilding_valid,63,1647.500
100,EvaluatePlacement_overlap,63,547.375
100,PlaceBuilding_overlap,63,1317.292
100,ValidateWorld,64,721.959
100,EvaluatePlacement_valid,64,562.125
100,PlaceBuilding_valid,64,2917.875
100,EvaluatePlacement_overlap,64,562.250
100,PlaceBuilding_overlap,64,1083.042
100,ValidateWorld,65,543.833
100,EvaluatePlacement_valid,65,552.166
100,PlaceBuilding_valid,65,1678.000
100,EvaluatePlacement_overlap,65,542.667
100,PlaceBuilding_overlap,65,1176.750
100,ValidateWorld,66,810.041
100,EvaluatePlacement_valid,66,615.292
100,PlaceBuilding_valid,66,2125.458
100,EvaluatePlacement_overlap,66,733.791
100,PlaceBuilding_overlap,66,1487.333
100,ValidateWorld,67,855.292
100,EvaluatePlacement_valid,67,704.250
100,PlaceBuilding_valid,67,2625.750
100,EvaluatePlacement_overlap,67,543.625
100,PlaceBuilding_overlap,67,991.042
100,ValidateWorld,68,515.708
100,EvaluatePlacement_valid,68,510.208
100,PlaceBuilding_valid,68,1468.750
100,EvaluatePlacement_overlap,68,463.209
100,PlaceBuilding_overlap,68,933.292
100,ValidateWorld,69,461.875
100,EvaluatePlacement_valid,69,471.167
100,PlaceBuilding_valid,69,1818.708
100,EvaluatePlacement_overlap,69,490.000
100,PlaceBuilding_overlap,69,1087.709
100,ValidateWorld,70,468.208
100,EvaluatePlacement_valid,70,699.208
100,PlaceBuilding_valid,70,1830.875
100,EvaluatePlacement_overlap,70,467.458
100,PlaceBuilding_overlap,70,1082.458
100,ValidateWorld,71,897.542
100,EvaluatePlacement_valid,71,573.417
100,PlaceBuilding_valid,71,1690.208
100,EvaluatePlacement_overlap,71,546.666
100,PlaceBuilding_overlap,71,1080.375
100,ValidateWorld,72,541.709
100,EvaluatePlacement_valid,72,552.375
100,PlaceBuilding_valid,72,1716.375
100,EvaluatePlacement_overlap,72,633.084
100,PlaceBuilding_overlap,72,1235.459
100,ValidateWorld,73,645.250
100,EvaluatePlacement_valid,73,551.584
100,PlaceBuilding_valid,73,1430.417
100,EvaluatePlacement_overlap,73,465.209
100,PlaceBuilding_overlap,73,924.250
100,ValidateWorld,74,462.583
100,EvaluatePlacement_valid,74,471.166
100,PlaceBuilding_valid,74,1425.875
100,EvaluatePlacement_overlap,74,463.458
100,PlaceBuilding_overlap,74,995.666
100,ValidateWorld,75,470.041
100,EvaluatePlacement_valid,75,476.917
100,PlaceBuilding_valid,75,1423.875
100,EvaluatePlacement_overlap,75,464.167
100,PlaceBuilding_overlap,75,953.625
100,ValidateWorld,76,513.959
100,EvaluatePlacement_valid,76,523.959
100,PlaceBuilding_valid,76,1449.709
100,EvaluatePlacement_overlap,76,463.584
100,PlaceBuilding_overlap,76,984.084
100,ValidateWorld,77,631.584
100,EvaluatePlacement_valid,77,556.792
100,PlaceBuilding_valid,77,1445.583
100,EvaluatePlacement_overlap,77,470.417
100,PlaceBuilding_overlap,77,931.541
100,ValidateWorld,78,955.792
100,EvaluatePlacement_valid,78,658.709
100,PlaceBuilding_valid,78,1525.833
100,EvaluatePlacement_overlap,78,473.500
100,PlaceBuilding_overlap,78,938.583
100,ValidateWorld,79,578.250
100,EvaluatePlacement_valid,79,667.125
100,PlaceBuilding_valid,79,1748.042
100,EvaluatePlacement_overlap,79,627.333
100,PlaceBuilding_overlap,79,1091.042
100,ValidateWorld,80,546.500
100,EvaluatePlacement_valid,80,590.000
100,PlaceBuilding_valid,80,2929.083
100,EvaluatePlacement_overlap,80,567.209
100,PlaceBuilding_overlap,80,1194.792
100,ValidateWorld,81,547.459
100,EvaluatePlacement_valid,81,634.792
100,PlaceBuilding_valid,81,1445.625
100,EvaluatePlacement_overlap,81,465.125
100,PlaceBuilding_overlap,81,931.292
100,ValidateWorld,82,460.792
100,EvaluatePlacement_valid,82,488.791
100,PlaceBuilding_valid,82,1462.333
100,EvaluatePlacement_overlap,82,466.833
100,PlaceBuilding_overlap,82,918.500
100,ValidateWorld,83,482.166
100,EvaluatePlacement_valid,83,485.875
100,PlaceBuilding_valid,83,1588.583
100,EvaluatePlacement_overlap,83,472.125
100,PlaceBuilding_overlap,83,987.750
100,ValidateWorld,84,490.750
100,EvaluatePlacement_valid,84,473.292
100,PlaceBuilding_valid,84,1767.667
100,EvaluatePlacement_overlap,84,477.709
100,PlaceBuilding_overlap,84,933.292
100,ValidateWorld,85,482.833
100,EvaluatePlacement_valid,85,477.625
100,PlaceBuilding_valid,85,1581.584
100,EvaluatePlacement_overlap,85,473.250
100,PlaceBuilding_overlap,85,928.625
100,ValidateWorld,86,461.750
100,EvaluatePlacement_valid,86,470.750
100,PlaceBuilding_valid,86,1608.083
100,EvaluatePlacement_overlap,86,475.458
100,PlaceBuilding_overlap,86,922.542
100,ValidateWorld,87,508.042
100,EvaluatePlacement_valid,87,888.541
100,PlaceBuilding_valid,87,1607.833
100,EvaluatePlacement_overlap,87,715.291
100,PlaceBuilding_overlap,87,1150.833
100,ValidateWorld,88,463.666
100,EvaluatePlacement_valid,88,472.625
100,PlaceBuilding_valid,88,1729.791
100,EvaluatePlacement_overlap,88,529.000
100,PlaceBuilding_overlap,88,1100.833
100,ValidateWorld,89,530.208
100,EvaluatePlacement_valid,89,481.208
100,PlaceBuilding_valid,89,1436.000
100,EvaluatePlacement_overlap,89,463.084
100,PlaceBuilding_overlap,89,1041.209
100,ValidateWorld,90,542.250
100,EvaluatePlacement_valid,90,554.125
100,PlaceBuilding_valid,90,1830.042
100,EvaluatePlacement_overlap,90,549.584
100,PlaceBuilding_overlap,90,1138.458
100,ValidateWorld,91,635.417
100,EvaluatePlacement_valid,91,595.208
100,PlaceBuilding_valid,91,1728.167
100,EvaluatePlacement_overlap,91,547.625
100,PlaceBuilding_overlap,91,1213.250
100,ValidateWorld,92,757.959
100,EvaluatePlacement_valid,92,657.667
100,PlaceBuilding_valid,92,2046.833
100,EvaluatePlacement_overlap,92,470.375
100,PlaceBuilding_overlap,92,921.417
100,ValidateWorld,93,460.334
100,EvaluatePlacement_valid,93,472.292
100,PlaceBuilding_valid,93,1435.250
100,EvaluatePlacement_overlap,93,478.167
100,PlaceBuilding_overlap,93,925.042
100,ValidateWorld,94,469.084
100,EvaluatePlacement_valid,94,471.709
100,PlaceBuilding_valid,94,1433.792
100,EvaluatePlacement_overlap,94,463.500
100,PlaceBuilding_overlap,94,1096.667
100,ValidateWorld,95,899.084
100,EvaluatePlacement_valid,95,509.667
100,PlaceBuilding_valid,95,1554.375
100,EvaluatePlacement_overlap,95,507.750
100,PlaceBuilding_overlap,95,1204.250
100,ValidateWorld,96,521.333
100,EvaluatePlacement_valid,96,473.333
100,PlaceBuilding_valid,96,1481.000
100,EvaluatePlacement_overlap,96,465.666
100,PlaceBuilding_overlap,96,924.583
100,ValidateWorld,97,467.625
100,EvaluatePlacement_valid,97,475.125
100,PlaceBuilding_valid,97,1526.500
100,EvaluatePlacement_overlap,97,501.000
100,PlaceBuilding_overlap,97,1035.750
100,ValidateWorld,98,463.750
100,EvaluatePlacement_valid,98,471.625
100,PlaceBuilding_valid,98,1428.417
100,EvaluatePlacement_overlap,98,463.208
100,PlaceBuilding_overlap,98,921.083
100,ValidateWorld,99,514.750
100,EvaluatePlacement_valid,99,721.834
100,PlaceBuilding_valid,99,1568.667
100,EvaluatePlacement_overlap,99,468.417
100,PlaceBuilding_overlap,99,1312.208
