frame,wall_ms,game_thread_ms,render_thread_ms,gpu_ms
0,32.838792,3.391750,31.283041,24.284500
1,22.850417,5.367458,24.591917,24.284500
2,20.968292,3.132167,18.627832,21.933666
3,21.280289,2.945500,22.286291,18.072666
4,16.886543,2.150542,19.123209,23.149750
5,14.043540,2.363875,13.060542,12.033334
6,31.358585,2.903917,32.304626,16.095833
7,26.754748,2.324167,20.330126,27.372126
8,40.550336,6.613083,39.646252,28.215250
9,32.545749,4.349709,36.656334,43.120625
10,25.722124,2.641792,28.982750,32.055248
11,22.845250,2.556625,22.603500,25.475500
12,14.934625,3.195917,14.804958,23.672083
13,19.378416,2.714458,19.594707,10.023334
14,24.740960,2.448000,23.064833,17.146999
15,36.374334,4.648208,32.046959,23.183874
16,38.475830,3.972583,43.537498,35.762459
17,47.339462,5.882916,48.386585,38.843376
18,36.300458,2.153167,33.153084,50.817501
19,47.425415,3.770208,35.038124,31.723959
20,45.451459,3.442750,57.585918,26.955833
21,10.304790,8.231625,11.456417,26.955833
22,29.737625,2.070417,29.229876,28.898458
23,26.090417,3.689875,22.165583,24.250626
24,14.849335,2.422875,19.575583,27.081541
25,36.094956,2.060833,38.051250,16.792583
26,13.877835,2.856667,13.134958,24.870125
27,23.274917,2.858167,24.219584,16.889458
28,12.818959,1.991250,12.252125,8.872750
29,22.545539,2.513958,21.191833,15.146459
30,23.003876,3.189833,24.833584,15.316459
31,24.909418,2.046125,24.545876,11.468166
32,12.952875,2.862708,8.437834,11.468166
33,11.069331,4.794417,15.513958,26.693375
34,14.313582,2.257042,14.524709,14.498125
35,14.797918,2.078875,12.440666,8.152500
36,28.638374,3.067708,30.479918,16.862249
37,10.210875,3.713292,10.671208,16.862249
38,9.506833,2.090708,9.058167,14.740084
39,14.504541,2.684833,14.871667,11.811666
40,15.675627,2.253625,15.136000,14.952625
41,13.321623,2.645500,10.596250,10.718375
42,19.197084,3.042042,22.596209,17.014668
43,25.759377,2.226375,25.436832,11.750625
44,15.066043,2.491000,14.411750,11.750625
45,37.055124,2.270333,27.740042,22.639126
46,14.583208,2.682833,23.826584,25.149666
47,29.343251,2.500250,26.865541,17.145958
48,21.858335,3.102375,24.835501,28.225082
49,12.242291,2.518458,11.848708,23.698668
50,19.953873,2.201917,20.452917,12.233541
51,35.518959,2.477500,31.491375,11.584291
52,23.060877,6.727875,24.458416,28.029667
53,25.021832,2.180208,26.325417,21.871334
54,25.956791,2.447542,26.070541,25.313791
55,15.992627,3.552417,17.272583,21.752167
56,13.669748,2.106542,13.743667,19.767500
57,15.745293,2.433208,15.842334,12.413834
58,30.615039,2.000833,29.315374,15.332875
59,19.391127,3.686542,15.854250,15.332875
60,12.938250,2.720083,17.804543,26.739584
61,15.993416,2.192250,15.802208,10.754375
62,14.550708,2.420750,9.194875,13.367375
63,22.156041,3.153833,27.368376,19.443832
64,17.332919,2.317583,13.614458,12.779125
65,26.485667,2.584333,26.335125,22.034708
66,28.491832,3.788958,23.177376,19.884583
67,21.386165,2.645167,29.987000,27.936832
68,20.218626,3.688208,20.580917,17.884459
69,21.581791,2.917917,20.436750,21.205957
70,19.295834,1.939125,20.828667,22.784958
71,10.205831,2.188083,9.419125,17.811125
72,32.733545,2.036875,26.086792,12.546708
73,24.483625,2.656833,31.921791,28.931667
74,20.024039,2.100375,20.025749,22.937416
75,18.601544,2.095542,18.522833,19.164499
76,32.139417,2.721167,23.204916,18.917625
77,14.377832,3.058542,22.346750,32.728085
78,31.779833,3.268917,31.814667,10.284750
79,27.746584,1.925833,24.366167,37.066166
80,57.422083,2.444042,60.872959,27.061417
81,40.417623,2.511750,40.778042,55.918209
82,24.665751,2.774042,24.707750,30.181791
83,23.503751,2.552500,19.248459,23.462999
84,32.639835,2.437417,36.318207,27.524334
85,26.365664,2.699292,19.372833,27.540375
86,28.616086,2.509292,24.541124,22.317125
87,30.227043,3.455417,38.408749,23.501417
88,47.996163,3.902625,48.703835,21.305666
89,30.851044,5.488417,32.858292,21.305666
90,38.508832,3.591125,39.826210,35.575333
91,21.285791,6.207167,20.328917,37.901875
92,39.964084,2.870250,39.428123,20.860792
93,27.888875,3.509125,28.361458,28.238291
94,30.088127,2.244917,31.010458,24.315958
95,17.735999,2.324750,17.697292,19.399124
96,19.620333,2.059000,19.360500,18.236084
97,15.763666,2.241875,13.290375,17.760666
98,16.093750,2.424583,18.591541,16.263916
99,15.523124,2.237375,13.434500,16.153667
100,15.259001,2.029875,17.628458,16.823957
101,17.284833,2.099500,17.213499,15.410875
102,10.897208,1.986375,9.981750,12.794958
103,13.593167,2.920167,13.644667,11.840875
104,17.816249,2.013625,16.674458,11.756917
105,17.173000,2.366500,16.600666,17.137793
106,16.339377,2.458042,16.780125,18.747917
107,15.554290,2.571542,16.548542,14.002916
108,17.294876,2.206667,16.658167,15.496083
109,17.214376,2.338958,16.781292,16.917418
110,17.460831,2.685875,16.660418,16.593624
111,16.144712,2.917125,16.563999,16.359209
112,15.516538,2.668875,16.655500,19.763374
113,16.879335,2.144417,16.663876,11.524709
114,16.611584,2.302708,16.663042,16.593666
115,17.205376,2.688583,16.604834,15.909917
116,16.048580,2.604625,16.771292,19.575333
117,16.237378,2.331167,16.626751,13.450958
118,17.272789,2.115792,16.543459,16.137375
119,16.187500,3.277875,16.729918,15.875958
120,18.195417,2.226000,17.159458,16.333416
121,15.455917,2.905708,16.368792,19.844667
122,17.383877,2.105500,16.415333,13.026208
123,15.609417,5.609958,16.651041,16.506250
124,17.344207,2.036875,16.696709,17.911625
125,24.898417,2.100125,24.165874,21.322916
126,14.691748,2.389042,11.055542,12.092500
127,16.745128,2.242750,22.489374,23.348667
128,13.826624,2.497667,12.904500,12.531250
129,13.710916,2.168917,13.012709,12.360541
130,21.304335,2.495417,19.460417,19.679625
131,16.351748,2.410292,20.198542,12.854667
132,15.405875,1.999333,13.269459,19.080376
133,13.212085,2.156167,13.335834,13.048333
134,17.711833,2.584583,16.726875,14.352500
135,15.913501,2.629625,16.542376,14.436084
136,16.258247,3.758417,16.765375,17.099125
137,16.051084,2.041292,16.471958,17.144125
138,16.786959,2.230875,16.722876,15.846750
139,17.788958,2.040042,17.198458,16.623751
140,15.999626,2.641583,16.088625,18.458584
141,19.165374,2.468292,18.661375,14.273916
142,13.885126,2.915917,15.657250,19.731333
143,19.403417,1.991833,15.688458,13.444333
144,21.154292,4.327291,25.145292,16.089916
145,13.537165,2.312417,13.082750,21.025167
146,16.987085,2.296125,16.294834,14.461208
147,19.267123,2.600208,20.749292,22.606916
148,15.748333,1.861125,15.332791,13.115125
149,13.376333,2.608833,12.798458,13.396542
150,14.122378,2.922292,13.514167,15.137917
151,16.497582,2.383750,16.414875,13.480250
152,18.306959,2.584458,16.662666,18.576334
153,15.766956,4.922125,16.603458,10.710125
154,14.930252,2.532083,16.553583,20.591333
155,18.783290,3.004208,16.790375,16.786083
156,15.378293,2.876208,16.554375,15.213375
157,23.731250,2.914833,24.274666,17.980749
158,13.253707,2.104083,14.325000,22.605875
159,13.434250,2.206083,12.712000,11.212958
160,15.878085,2.493417,16.505417,13.795959
161,16.623706,1.945792,16.621166,14.032583
162,15.137419,2.093375,14.834000,15.496834
163,16.785040,2.399000,17.035042,15.301042
164,15.228584,2.020333,14.837000,14.281750
165,11.846334,2.330875,10.484375,16.105042
166,16.421083,2.055750,16.695583,14.316958
167,19.827083,2.080708,16.615042,15.535625
168,13.638455,5.792000,16.686501,15.878667
169,16.955085,1.967875,16.719126,17.518000
170,17.143540,2.071875,16.591709,15.252791
171,16.914792,2.620208,16.588709,16.952042
172,23.966666,1.844500,24.221834,17.394793
173,15.747417,2.537250,18.110374,23.449709
174,33.269461,1.718542,28.025126,18.882084
175,21.729916,7.130375,27.197166,22.909292
176,25.741372,2.080958,25.302042,35.160751
177,19.479502,2.289083,19.201124,12.176541
178,13.765626,2.485292,14.402291,22.937626
179,22.086874,1.977042,21.903667,12.073833
180,14.795750,2.073792,11.060583,19.955667
181,18.936083,3.095958,22.684376,23.519333
182,23.463625,2.400833,23.437542,12.532416
183,13.374958,1.992250,13.170333,20.673626
184,27.063332,2.082875,27.052750,12.185416
185,10.822959,2.147375,10.947667,25.164207
186,18.634625,1.976875,18.956209,20.035376
187,12.151293,1.610250,12.075375,12.227750
188,15.395373,1.911542,15.225041,15.156584
189,24.656419,2.068875,24.764416,20.530083
190,14.740873,1.802083,14.660875,16.331209
191,18.964794,1.853917,18.313375,15.709833
192,15.223872,2.651125,15.861834,14.959084
